id,prompt_id,text,generated
0,0,"В своем произведении Горький ставит вопрос: «Что лучше, истина или сострадание? Что нужнее?». По сути, этот вопрос применим абсолютно к каждому герою пьесы, ведь она рассказывает о трагичных судьбах людей, которые оказались на дне социальной жизни. Все персонажи разные, у каждого своя судьба, свой путь, который привел их к месту действия пьесы — ночлежке. Взять, к примеру, Актера. Это пьяница, тщетно пытающийся вернуться к работе. Это человек с тонкой душой, отзывающейся на все изменения, но потерявшей всякую надежду. У читателя возникает ожидание, что актер справится и «всплывет» со дна, но даже маленький толчок к действию не помог ему справиться с отчаянием. Противопоставить ему можно Клеща — слесаря, рабочего человека. Нрав его можно описать одним словом — высокомерие. Он постоянно говорил, что обязательно вернется к нормальной жизни, дождаться бы только смерти жены, все время ставил себя выше других, говоря, что они все бездельники, а он-то человек рабочий. Но закончилось все тем, что он остался в долгах и без жены. Разбавляет их общество высокими мечтами Настя. Она мечтает о большой настоящей любви. Как бы над ней не насмехались, она верит. Верой все и ограничивается, Настя все также работает проституткой и не меняет свою жизнь. Также в ночлежке живет Бубнов — картузник, единственный из всех, кто признает за собой лень и пристрастие к алкоголю. Довольно жесток и скептичен, живет по течению, наверно потому и не пытается выбраться со дна. В прошлом работал в мастерской, но из-за измены жены ушел с работы. Интересно то, что Горький не раскрывает его характер полностью, мы не заем, каким он был «до». Все люди в ночлежке живут прошлым, отчаиваются или же грезят о том, чтобы все изменить. Барон как раз относится к тем, кто живет прошлым, мечтает о прекрасном будущем, но ничего для этого не делает. На дне вместе с ними «обитает» Алешка, хороший и веселый парень. Пожалуй, единственный, кто не страдает там. Самой яркой фигурой в ночлежке является Сатин — бывший каторжник, которого посадили в тюрьму за убийство. Он защитил честь сестры, и за это лишился работы и шанса устроиться в нормальном обществе. Именно он спорит с Лукой, доказывая, что даже человек со дна достоин уважения, а не жалости. Каждому из своих героев автор давал возможность изменить свою жизнь, но ни один из них не справился с этим. Все они лишь продолжали винить обстоятельства в своих неудачах, тогда как стоило признать свои ошибки и двигаться дальше. Юлия Петрова",0
1,1,"Каждый член семьи незаменим, ведь родные для нас уникальны. Зачастую эта невозможность замены даже сводит людей с ума, так как они остаются в одиночестве, и ничто не может изменить это. Особенно больно терять родителей, и даже когда вместо них формально присутствует кто-то другой, прежней атмосферы в семье вернуть не удается, поэтому я согласен с приведенным выше высказыванием. Чтобы подтвердить свою позицию, приведу примеры из книг. Вспомним роман Ф. Достоевского «Преступление и наказание». Семен Мармеладов женился на вдове, чтобы помочь ей обеспечивать семью, оставшуюся без кормильца. У женщины уже были дети, как, впрочем, и у ее нового супруга. Ничего в этом союзе не предвещало беды: два зрелых человека сошлись, дабы помочь друг другу. Но совместная жизнь пары не задалась, и Семен Захарович, будучи хорошим отцом для Сонечки, не справился с этой ролью для других ребятишек. Он не выдержал свалившейся ответственности и начал пить, потеряв работу и возможность обеспечивать семью. Он сломался, и теперь Катерина Ивановна была вдвойне несчастна, ведь на нее смотрели голодные и недоумевающие глаза детей. Новый папа не смог заменить им того, кто был им так нужен и дорог. Несмотря на все добродетели благородного мужчины, стать родителем для этих малышей он не сумел, и это подтверждает тот факт, что невозможно найти идеального нового кандидата на роль родного отца. Все равно это будет уже не та семья, не то ощущение, и отчуждение может довести до того, что взрослые не выдержат давления и сломаются под натиском ответственности. Другой пример описал Л. Н. Толстой в романе «Война и мир». Марья Болконская взяла на воспитание сына своего брата, который погиб на войне. Она была очень доброй женщиной и великодушной матерью, ведь заботилась о Николушке с самого рождения, когда его родная мама умерла. Тогда Андрей был в бою, и так уж повелось, что в его отсутствие ребенок всегда был на попечении сестры. За это время она привязалась к малышу, стала для него семьей. И даже в этом случае мы наблюдаем разлад: когда у Марьи появились свои дети, она стала переживать, что любит племянника меньше. И мальчик тоже чувствовал себя не совсем родным, он был весь в отца и желал повторения его судьбы. Несмотря на наличие столь же храброго и мужественного приемного папы, Ростова, ребенок все равно не мог ощутить полноты семейной жизни и найти авторитета более веского, чем родной отец. Значит, и в данном примере невозможно заменить одного близкого человека другим. Таким образом, члены семьи незаменимы, как бы мы не старались помочь сиротам. Их потеря свершилась навсегда и безвозвратно, а потому все, что мы можем предпринять, — это поддержка и понимание. Не стоит «переназначать» родителей, пытаться навязать ребенку мысль о «новом папе». Это уже совершенно другой человек, и отношения с ним могут сложиться хорошо, но по-родственному – никогда.",0
2,2,"Каждый человек должен не забывать читать, ведь именно книги являются главным источником знаний, развития мышления, логики и вдохновения. Жители современного мира отдают предпочтение электронным произведениям, ведь они не занимают много места.Мне больше всего нравится читать бумажные книги, ведь они имеют приятный аромат, можно пролистывать странички и наслаждаться оставшимся количеством, чего не сделаешь с электронными. Чтение помогает расслабиться, окунуться в историю с головой, пройти все трудности и переживания героя вместе с героем. Книги развивают воображение и помогают отвлечься от негатива, накопленного за весь день.Чем больше человек читает, тем разнообразней его словарный запас, тем приятней с ним вести диалог. Чтение помогает улучшить не только устную, но и письменную речь. Начитанные люди более интересны, ведь они уверенны в себе, могут поддержать любой разговор и помочь дельным советом.Книги также служат источником вдохновения и мотивации. Люди «впитывают» опыт героя и учатся на их ошибках. При чтении мы погружаемся будто бы в постороннюю реальность, но при этом стараемся представить то, как бы это выглядело в современном мире. Таким образом подключается воображение, и человеческий кругозор расширяется в несколько раз. Творческие люди уникальны, ведь у них всегда есть новые идеи. С такими личностями всегда приятно общаться, так как с ними никогда не будешь думать о чем говорить. Разговор начнется сам собой.В суровой реальности существует масса источников информации, но лишь малая часть дает самую важную и достоверную. Такие источники занимаются пропагандистской работой, а у нас не развивается собственное мнение. Недавно, изучая вопрос нужности книг, наткнулся на потрясающего автора Р. Брэдбери и его книгу “451 градус по Фаренгейту”. Писатель рассказывает о будущем, где сжигают абсолютно все книги, ведь они вредят человечеству. Для главного персонажа стало удивлением, что люди готовы жизнь отдать, лишь бы сохранить книги. Пожарный тайно прячет у себя несколько книг и после этого его жизнь не остается прежней. Парень начинает искать смысл жизни в них. Для меня стало потрясением, что в будущем мир без книг вполне реален.",0
3,3,"Пожалуй, ни для кого не будет секретом, что А.П. Чехов создавал точные психологические портреты. Он никогда не говорил напрямую о том, что чувствует его герой, а только отражал его состояние в мыслях, движениях и царящей атмосфере. Например, эту особенность чеховской прозы легко можно проследить в рассказе «Тоска». В самом начале произведения, если не брать во внимание название рассказа, мы не сразу понимаем, почему Иона сидит без движения и утопает в падающем снегу. Кажется, что перед нами просто очередной чудной крестьянин, но при встрече с первым пассажиром мы понимаем, почему рассказ назван так, а не иначе. Потеряв родного сына и единственного близкого человека, Иона потерял и смысл своего существования. Теперь ему остается только ожидать пассажиров и момента, когда смерть не ошибется дверью, а выберет на этот раз правильного человека. Кажется, что пока герой не работает, а просто ждет, он будто тоже умирает. Оживает лишь в момент, когда ему снова приходится дергать вожжи. В такие минуты у него есть возможность воскреснуть от тоски, но, к сожалению, никому до этого нет дела. Его переполняют чувства и, возможно, боль утраты перестала его так сильно тяготить, если бы его кто-то выслушал. Иона готов отказаться даже от сна, лишь бы не оставаться наедине со своими мыслями и не думать о сыне. Но не вспоминать о нем вовсе он не может, именно поэтому ищет собеседника. Ему нужно выговориться и увидеть сострадание в глазах другого человека. Но он, как крестьянин, привык довольствоваться малым, именно поэтому просто рассказывает историю сына своей лошади, в надежде, что станет легче. Таким образом, Чехов показывает внутренний мир Ионы через обстановку, окружающую его, через странное поведение героя, через его внешние особенности. Так, тоска накрывает его, как снежный покров, ведь у него нет сил и возможности стряхнуть свой снежный плащ, свою холодную тоску. Старик ищет помощи в людях, это говорит о его вере в них, о наивности и чистоте его души. Наталия Молоткова",0
4,4,"Доброта — это хорошее отношение к другим. В данном тексте она проявляется в том, что главный герой не оставил своего пса на произвол судьбы и вышел из маршрутки, чтобы не покидать его: «Выскочил, чтобы уже больше никогда не расставаться с самым преданным в моей жизни другом…». Хорошее отношение к животным — это признак отзывчивости, которая становится важным элементом великодушия в жизни человека. В моей жизни тоже был такой инцидент. Я принес домой бездомного кота, а бабушка не согласилась его оставить. Мне пришлось проявить твердость духа, чтобы отстоять нового питомца. Ради него я пошел на уступки и стал выполнять еще больше поручений по дому, чтобы моего постояльца никто не выгнал. Таким образом, доброта — это умение сочувствовать и поступать в соответствии с этим ощущением. Пример из книги : В «Детстве» Л.Н. Толстого герои тоже проявляют доброту по отношению друг к другу. Братья делятся друг с другом секретами, мама опекает их, няня и учитель воспитывают и охраняют от бед. Именно поэтому семья Ирентьевых такая счастливая, а дети в ней ни в чем не нуждаются. Пример из жизни : В моей семье доброта тоже считается нормой. Все лишние вещи мы отдаем нуждающимся и всегда помогаем детскому дому. Моя тетя даже удочерила девочку, которая страдает от генетической болезни. Этот поступок я считаю примером для подражания, ведь тетя сделала жизнь этой малышки лучше, жертвуя своими интересами. Это и есть добро.",0
5,5,"Все люди стремятся к самосовершенствованию и все сталкиваются с вопросом : «Какой опыт поможет духовно обогатить личность?» Методом ошибок и проб ответ на этот вопрос находится. Яркие впечатления и эмоции помогают развивать душу. В литературных произведениях можно найти примеры. Например, А.И. Куприн в повести «Гранатовый браслет» знакомит нас с персонажем, который черпал силы для духовного роста в любви. Желтков не мог быть рядом с любимой женщиной из-за устоявшихся сословных предрассудков и плохого материального положения. Вера представительница старинного аристократического рода и супруг ее предводитель дворянства. Григорий же был простым телефонистом. Им не суждено было быть вместе, но тем не менее он питал к Вере теплые чувства, которые подпитывал любовными письмами. Он не хотел навязывать себя Вере, его любовь была особой, платонической и не требовала близости. Желтков переживал необыкновенные эмоции, в которых находил источник чувственного опыта, способствующий его духовному росту. В прощальном письме герой вознес молитву к своей музе и не винил ее в безответности: «Да святится имя твое» — писал он ей. Такое благородство, такое самопожертвование говорит о том, что Георгий вознесся над эгоизмом любви и обрел духовное превосходство над всеми нами. Его личность обогатили чувства по отношению к Вере. Но любовь, обогащающая наш внутренний мир особыми впечатлениями, может быть не только между людьми. Некоторые люди отдают свою любовь Богу. Рассказ И.А. Бунина «Чистый понедельник» яркий тому пример. Главная героиня много читала, знала все православные обряды и путешествовала по различным святым местам. Уединенные размышления доставляли ей особую радость. Она посещала курсы при университете и пополняла свой кругозор. Любовь к мужчине тоже была в ее жизни, после близости с ним она решилась на кардинальный шаг — монашеский постриг. Изведав все мирские удовольствия, героиня нашла себя именно в вере и аскезе. Дальнейшие духовные поиски она реализовывала в роли монахини и вдали от мира, который уже ничего нового не мог бы ей дать. В данном примере именно опыт религиозного созерцания помог человеку расширить горизонты познания и духовно обогатиться. Таким образом, именно чувства способствует духовному обогащению человека. Нужно раскрепостить свою душу сильными эмоциями, чтобы она познала себя и обрела внутреннюю гармонию. Чтобы развиваться, человеку, прежде всего, нужно научиться чувствовать любовь.",0
6,6,"Сила духа – это способность преодолевать трудности, не сгибаясь под их тяжестью. Мальчик Авалбёк из текста Ч.Т. Айтматова потерял отца на войне, но из-за своего детского возраста не понимал утраты. Зато ее хорошо осознавала его мать, неизбывное горе постоянно напоминало о себе, но женщина не сдавалась, ведь она несет ответственность за сына. Сила духа позволила матери Авалбёка, как и миллионам жён погибших солдат, не сломаться и жить хотя бы ради детей. Сотников, герой одноименной повести В.Быкова, проявил силу духа, когда остальных сил уже не осталось. Больной, избитый фашистами партизан до конца хотел спасти мирных жителей: Демичиху, у которой они с другим партизаном Рыбаком укрывались, и старосту, который не выдал их. Герой брал всю вину на себя, при этом и не выдавал партизанский отряд. Сотникова убили, но он остался честным человеком. Сила духа – необходимое качество, без него человек перестает быть человеком. Пример из истории : Сила духа – ведущее качество в характере В.И. Ленина. Несмотря на ссылки и разгромы поднимаемых восстаний, Ленин был уверен, что правда за большевиками, и они победят, важно только не сдаваться. Он не сдался, и его почти безумный проект захвата власти осуществился. Пример из фильма : Силой духа обладает Арья Старк, героиня сериала «Игра престолов» Д. Наттера. Потеряв всю семью, она была вынуждена скитаться, ее жизни постоянно угрожала опасность. Но девочка умела за себя постоять, не сдалась, не расплакалась, ожидая, что все исправиться само. Арья преодолела все трудности и все же нашла брата и сестру. Пример из жизни : Футболист «Барселоны» Лионель Месси – образец силы духа, он преодолел болезнь (дефицит соматотропина, гормона роста), бедность и неудачи ради игры в «Барселоне», которая не только воспитала в нем высококлассного футболиста, но и оплатила лечение. А сам Месси отплатил клубу тем, что является его лучшим и самым верным игроком. Мария Блинова",0
7,7,"Человек – сложный организм. Порой мы не можем сказать наверняка, добрый наш собеседник или злой, великодушный или жестокий, хороший или плохой. Это можно объяснить противоречивостью натуры каждого из нас. Как же ответить на вопрос, что в большей степени управляет людьми – доброта или жестокость? Конечно, все зависит от конкретных обстоятельств. Но мне кажется, что чаще всего человеком управляет доброта: Так происходит только потому, что добрым быть проще и приятнее, чем жестоким. Попробую объяснить свою точку зрения, используя аргументы из русской литературы. Главный герой рассказа И.С. Тургенева «Бирюк» казался всем окружающим подозрительным и угрюмым. Его считали жестоким, потому что он, выполняя работу лесника, не позволял даже нищим и отчаявшимся людям нарушать закон. Каждого, кто рубил деревья в лесу, Бирюк ловил. Но однажды в дом лесника попал заблудившийся путник. Лесник сам предложил барину переждать непогоду в безопасном месте. Тогда гость узнал, что Бирюк живет в старой лачуге, один воспитывает маленьких детей, терпит нужду. Жена его давно уехала с другим мужчиной на поиски лучшей жизни. Неудивительно, что герой ожесточился, а своей ревностной службой заглушал боль от предательства. И все-таки он, нелюдимый и строгий слуга закона, проявил доброту, отпустив на свободу лесного воришку. Видя бедность и безысходность простого мужика, Бирюк смягчился и высвободил его, но при условии того, что вор никому не сообщит об этом. Значит, герой мог не единожды опускать бедняков, а слухи о своей жестокости он поддерживал ради того, чтобы реальные преступники избегали встреч с ним. Его жестокосердие – лишь образ, а на самом деле лесничий был сострадательным и мягким человеком, которым управляла доброта. Соня Мармеладова, героиня романа Ф.М. Достоевского «Преступление и наказание», была вынуждена пойти по желтому билету, чтобы прокормить семью. Молодая женщина жила в нечеловеческих условиях и все-таки сохраняла веру в Бога, в справедливость, в прекрасный мир, в котором однажды найдется место всем бедным и обездоленным. Она могла бы ожесточиться, и вряд ли ее за это кто-то бы осудил. Но природное милосердие спасло Соню Мармеладову, благодаря своему отношению к жизни героиня сохранила себя, не опустилась, не стала одной из сотен безликих и бездушных женщин, оказывающих интимные услуги за деньги. Конечно, девушка была частью жестокой и порочной системы, разрушающей судьбы молодежи, но сама она отличалась добротой и даже великодушием по отношению к окружению, именно эти качества определяли ее поведение. Итак, можно убедиться, что в большей степени ними управляет доброта. В каждом из нас есть доброе начало, которое не так просто истребить даже жестокостью со стороны. Надо только уметь правильно ставить цели, помнить о чем-то, ради чего стоит жить, и верить в то, что за черной полосой последует белая. В таком случае и проявлять доброту будет гораздо проще, а мыслей о жестокости не останется. Виктория Арутюнян",0
8,8,"Цель – это то, что мотивирует нас жить. Поэтому всегда важно не отступаться от нее, а идти до конца. Мы же не живем наполовину, значит, и цель должна быть достигнута в полном объеме, иначе в ней нет смысла. Но, может, из этого правила есть исключения? Обратимся к литературе в поисках ответа. В повести А. Куприна «Гранатовый браслет» герой жил ради любви к прекрасной княгине. Он все делал ради того, чтобы доставить ей удовольствие: писал письма, и даже прислал дорогой подарок на именины. Целью его жизни было лишь осознание того, что его страсть греет ей сердце, что она, по крайней мере, позволяет себя любить. Если бы он шел до конца, то есть добивался ее взаимности, его чувства потеряли бы значимость и приобрели оттенок пошлости и преступности, ведь он домогался бы замужней женщины. Она наверняка отвергла бы его, да и он, устав биться об лед, потерял бы всякий стимул продолжать это делать. Перед нами была бы уже не любовная история, а детективная, ведь вместо скромного и жалкого влюбленного мы увидели бы неуправляемого и опасного маньяка. В данном примере Желтков не должен был добиваться цели, ему достаточно было просто вечного движения к ней, как к путеводной звезде. Ее, конечно, не достать, но достаточно лишь посмотреть на нее, чтобы найти дорогу. Другой пример описал А. С. Пушкин в романе в стихах «Евгений Онегин». Целью Татьяны были отношения с Евгением, ведь он был ее первой и единственной любовью. Она готова была на унижение ради его внимания, так как в то время любовное признание девушки считалось недостойным проявлением распущенности, это могло навсегда испортить ей репутацию. Она не побоялась этого и все же послала письмо Онегину. Но, получив отказ, девушка не стала впадать в крайности. Она через какое-то время вышла замуж по настоянию матери, стала уважаемой женщиной в высшем обществе. Когда Евгений сам пришел с признанием, Татьяна отказала ему, а не пошла до конца в достижении цели. Перед ней встали новые обстоятельства, и она сочла их более значимыми, чем любовь, которая не прошла. Таким образом, в достижении цели нужно идти до конца, но при этом не забывать о моральных аспектах. Если на пути встают нравственные ценности, которые нельзя попирать ни в коем случае, то необходимо ограничиться тем, что не перечит голосу совести.",0
1236,0,"В пьесе Горького поднимается такой вопрос: «Что важнее — истина или сострадание?» Этот вопрос касается всех героев, потому что они все, по сути, на дне. И все такие разные. Каждый из них прошел свой путь, который привел их в ночлежку, где они сейчас живут. 

Вот, например, Актер. Это пьяница, который постоянно пытается вернуться к нормальной жизни, к работе, но у него ничего не получается. Он вроде как чувствительный человек, может сопереживать, но надежды у него уже нет. Читатель, наверное, ждет, что он всё-таки сможет подняться, но даже минимальный толчок не помог ему выбраться из этого отчаяния. А вот Клещ — слесарь, абсолютно другой тип. Он такой высокомерный, всегда говорит, что он вот-вот вернется к нормальной жизни, надо только дождаться смерти жены. Он прямо ставит себя выше всех остальных, считает, что только он трудяга, а все остальные — бездельники. В итоге остался без жены и в долгах. 

А Настя — это прям мечтательница, у неё в голове только настоящая любовь. Все над ней смеются, а она верит. Но её вера, увы, не меняет её жизнь — она всё так же работает проституткой. И там же в ночлежке есть Бубнов, картузник, который честно признает, что ленится и любит выпить. Он, кажется, живет по течению, поэтому не хочет ничего менять. Когда-то работал в мастерской, но из-за измены жены потерял всё. Интересно, что Горький не рассказывает, каким он был «до», и это наводит на мысли. 

Все герои живут прошлым, кто-то страдает, а кто-то просто мечтает изменить свою жизнь. Барон, например, мечтает о светлом будущем, но при этом ничего не делает, чтобы его достичь. А вот Алешка — это хороший парень, веселый, кажется, единственный, кто не мучается там. 

Самый яркий персонаж — Сатин, бывший каторжник, сидел в тюрьме за убийство. Он защитил честь сестры и в итоге потерял работу и шанс устроиться нормально. Сатин постоянно спорит с Лукой и говорит, что даже человек с дна достоин уважения, а не жалости. У Горького есть шанс для каждого героя изменить свою жизнь, но никто из них не справляется. Все продолжают винить обстоятельства в своих неудачах, хотя, может, стоило просто признать свои ошибки и двигаться дальше. Вот так, получается. Юлия Петрова.",1
1237,1,"Семья — это вообще такая штука, которую ничем не заменишь. Ну, мне кажется, это очевидно. Когда у тебя есть мама или папа, это как будто часть тебя самого, и если кто-то из них уходит, то внутри образуется такая пустота, которую просто невозможно заткнуть кем-то другим. Ну, типа, нельзя же просто пойти в магазин и купить нового родителя, если старый не справляется или его не стало. И это реально страшно, когда понимаешь, что человек незаменим.

Вот, например, в «Преступлении и наказании» Достоевского есть Мармеладов. Он вроде как решил помочь Катерине Ивановне, женился на ней, чтобы дети не голодали. Ну, типа, хотел как лучше, стал новым папой. Но по факту-то ничего не вышло. Он же просто спился, потому что не выдержал ответственности, и в итоге детям стало только хуже. Ну, то есть, он пытался «заменить» им отца, но ничего из этого не вышло, кроме новых проблем. И это доказывает, что нельзя просто так взять и подменить одного человека другим, даже если ты очень хочешь помочь. Это так не работает. Атмосфера в доме всё равно портится, если нет того самого «родного» человека.

А еще в «Войне и мире» есть княжна Марья. Она воспитывала племянника Николеньку, сына Андрея. Она его очень любила, прям как родного, заботилась о нем, когда его мама умерла. Но всё равно там какая-то натянутость была. Даже когда у самой Марьи появились свои дети, она парилась, что любит племянника меньше. А мальчик — он же всё равно хотел быть как его отец, Андрей Болконский, и никто другой не мог его заменить, даже если рядом был хороший человек, как Ростов. Ну, как бы ты ни старался быть добрым, всё равно чувствуется, что это не то.

Короче, я думаю, что в семье каждый человек уникален. Нельзя просто взять и переназначить родителей, как будто это какая-то должность на работе. Типа «теперь ты мой папа, поздравляю». Это же бред. Люди — не детали в конструкторе, которые можно менять туда-сюда. Конечно, мы можем пытаться поддерживать друг друга, если случилась беда, но заменить близкого человека — это вообще нереально. Это как будто пытаться склеить разбитую вазу, вроде она стоит, но трещины-то всё равно остаются, и ты о них постоянно думаешь. В общем, родных людей не заменить, и с этим просто надо как-то жить, хоть это и больно.",1
1238,2,"Каждый человек должен не забывать читать, ведь именно книги являются главным источником знаний, развития мышления, логики и вдохновения. В современном мире многие предпочитают электронные книги, потому что они не занимают много места. Но мне больше нравятся бумажные книги. Они имеют приятный аромат, и можно пролистывать странички, наслаждаясь оставшимся количеством, чего не сделаешь с электронными. Чтение помогает расслабиться, окунуться в историю с головой, пройти все трудности и переживания героя вместе с ним. 

Книги развивают воображение и помогают отвлечься от негатива, накопленного за весь день. Чем больше человек читает, тем разнообразнее его словарный запас, и тем приятнее с ним вести диалог. Чтение улучшает не только устную, но и письменную речь. Начитанные люди более интересны, ведь они уверены в себе, могут поддержать любой разговор и дать дельный совет. 

Книги также служат источником вдохновения и мотивации. Мы «впитываем» опыт героев и учимся на их ошибках. При чтении мы погружаемся в какую-то постороннюю реальность, но при этом стараемся представить, как бы это выглядело в современном мире. Так подключается воображение, и человеческий кругозор расширяется. Творческие люди уникальны, ведь у них всегда есть новые идеи. С такими личностями всегда приятно общаться, потому что с ними никогда не будешь думать, о чем говорить. Разговор начнется сам собой.

В суровой реальности существует масса источников информации, но лишь малая часть дает самую важную и достоверную. Многие источники занимаются пропагандой, и у нас не развивается собственное мнение. Недавно, изучая вопрос нужности книг, я наткнулся на потрясающего автора Рэя Брэдбери и его книгу «451 градус по Фаренгейту». Писатель рассказывает о будущем, где сжигают все книги, потому что они якобы вредят человечеству. Для главного героя стало большим удивлением, что люди готовы отдать жизнь, лишь бы сохранить книги. Пожарный тайно прячет у себя несколько книг, и после этого его жизнь меняется. Он начинает искать смысл жизни в книгах. Для меня стало потрясением, что в будущем мир без книг вполне возможен.",1
1239,3,"Все знают, что Чехов мастерски описывает всякие психологические штуки. Он не пишет прямо: «Иона грустил», а как-то через детали всё показывает, через погоду или движения. Вот взять, например, рассказ «Тоска». Когда начинаешь читать, сначала вообще не очень понятно, почему этот Иона сидит такой неподвижный и на него снег падает. Ну, сидит и сидит, мало ли стариков в городе. Но потом доходит, почему рассказ так назван.

Оказывается, у него сын умер. И это вообще жесть, если честно. Иона как будто потерял смысл жизни, всё стало серым. Он просто ждет пассажиров, и кажется, что он сам потихоньку умирает, пока стоит на месте. Оживает только когда лошадью управляет, потому что надо же как-то деньги зарабатывать. И вот в эти моменты он как бы пытается выкарабкаться из этой тоски, но всем вокруг вообще плевать. Ну, реально, никто не хочет слушать старика, у всех свои дела, все куда-то бегут.

Мне кажется, ему бы стало легче, если б его кто-то просто выслушал. Он же даже спать не хочет, лишь бы не думать об этом ужасе, о сыне. Но не думать не получается. Поэтому он и цепляется к людям, хочет хоть какого-то сочувствия. А в итоге, раз никто его не слушает, он рассказывает всё своей лошадке. Это, конечно, очень грустно. Ну, типа, дожили — единственный, кто готов слушать, это животное.

Чехов тут вообще круто всё передал через эту обстановку. Снег этот, который на него падает, — он как будто давит на него, как та самая тоска, от которой не отряхнуться. Иона же не может просто взять и забыть всё, он слишком добрый и наивный, наверное. Ищет помощи у людей, верит в них, а они его просто игнорируют. В общем, тяжелый рассказ, оставляет какой-то неприятный осадок на душе, когда понимаешь, насколько люди иногда бывают безразличны друг к другу. Даже как-то не по себе становится.",1
1240,4,"Доброта — это, ну, в общем, хорошее отношение к другим, как бы. В тексте, который мы читаем, главный герой, не бросил своего пса, когда вышел из маршрутки. Он так говорит: «Выскочил, чтобы уже больше никогда не расставаться с самым преданным в моей жизни другом…». Звучит трогательно, правда? Это, кстати, говорит о том, что отношение к животным — это важный момент. Это как бы показывает, насколько человек может быть отзывчивым. 

У меня тоже был похожий случай. Я как-то принес домой бездомного кота, а бабушка была категорически против. Она вообще не хотела его оставлять, и я, чтобы отстоять своего нового питомца, пришлось проявить твердость духа. Я даже начал выполнять больше домашних дел, чтобы все остались довольны, и никто не выгнал моего пушистого друга. Короче, доброта — это не просто красивые слова, это когда ты действительно сочувствуешь и действуешь в соответствии с этим. 

В книге «Детство» Толстого тоже много примеров доброты. Там братья друг с другом секретами делятся, мама заботится о них, а няня с учителем их как-то оберегают. Из-за этого семья Ирентьевых, по идее, такая счастливая, и дети у них ни в чем не нуждаются. 

Что касается моей семьи, то у нас доброта — это нормальное дело. Мы, например, всегда отдаем ненужные вещи тем, кто в этом нуждается, и помогаем детскому дому. А моя тетя даже удочерила девочку с генетической болезнью. Я считаю, что это просто суперский поступок. Она сделала жизнь этой девочки лучше, при этом пожертвовав своими интересами. Вот это и есть настоящая доброта.",1
1241,5,"Все мы знаем, что каждый человек стремится к самосовершенствованию. Вот эта вечная тема, как бы сказать, поиск себя, что ли. На самом деле, это такой процесс, который, как мне кажется, происходит через опыт. Да, порой через ошибки и разные ситуации, которые заставляют задуматься. Вот тут и возникает вопрос: какой же опыт помогает нам стать лучше, духовно обогатиться? 

Я вот думаю, что яркие впечатления и эмоции действительно играют огромную роль в этом процессе. Читаешь книги, и там все так здорово описано! Например, я недавно прочитал повесть А.И. Куприна «Гранатовый браслет». Там есть персонаж Желтков, который влюблен в Веру, и это такая сложная, но в то же время светлая любовь. У него нет шансов быть с ней из-за предрассудков и социального положения. Но, несмотря на это, он как-то находит силы в своих чувствах. Пишет ей письма, и это так трогательно! Он не требует ничего взамен, просто любит. Его любовь такая платоническая, чистая, и это, мне кажется, очень сильно обогащает его душу. Он даже в прощальном письме не обвиняет ее, а просто молится. Это благородно, согласитесь? 

А еще вспомнил рассказ И.А. Бунина «Чистый понедельник». Там тоже интересная героиня, которая много читает, путешествует, знает все обряды. И вот она в какой-то момент понимает, что все эти мирские удовольствия её не радуют, и решает стать монахиней. Это, конечно, радикально, но, по сути, она ищет своё место в жизни и находит его в вере. В этом примере видно, как религиозные поиски помогают человеку стать лучше. 

Все эти примеры показывают, что чувства действительно играют важную роль в нашем духовном обогащении. Мне кажется, чтобы расти и развиваться, надо уметь чувствовать, уметь любить. Это и есть тот самый ключ к внутренней гармонии. Надо раскрепостить свою душу, позволить ей переживать сильные эмоции. И тогда, возможно, мы сможем понять себя и стать лучше. 

В общем, путь к самосовершенствованию — это нечто такое, что требует усилий, но это важно. Вот так, через любовь, опыт и, конечно, ошибки, мы можем действительно обогатить свою душу.",1
1242,6,"Сила духа – это такая штука, которая помогает нам не сдаваться, даже когда всё вокруг рушится. Вот, например, Авалбёк из рассказа Ч.Т. Айтматова. Он потерял отца на войне, и, честно говоря, в детстве он не совсем понимал, что это значит. Но его мама, она-то знала, каково это – горе. У неё на сердце была такая тяжесть, что, наверное, даже камень позавидовал бы. Но она не сломалась, потому что должна была заботиться о сыне. Это настоящая сила духа – продолжать жить ради детей, несмотря на все страдания. 

А если вспомнить Сотникова из повести В. Быкова, то тут тоже о силе духа. Он был такой замученный, избитый фашистами, но всё равно пытался защитить людей, которые его приютили. Даже когда всё было совсем плохо, он взял на себя вину, чтобы его товарищи не пострадали. Круто, правда? В итоге его убили, но он остался настоящим человеком. Это ведь не просто слова, а целая жизнь.

Есть еще пример из истории – Ленин. Да, я знаю, это может показаться скучным, но подумайте: сколько раз его пытались сломать, ссылали, разгоняли восстания, а он всё равно верил, что правы большевики. Он просто не сдавался! В итоге всё получилось, и его идеи стали реальностью. Это тоже сила духа.

А вот из фильмов. Арья Старк из «Игры престолов» – настоящая героиня. У неё жизнь не сахар, она потеряла всю семью и постоянно была в опасности. Но она не сидела, не плакала, а шла вперёд. У неё была такая воля! И в итоге она нашла своих братьев и сестёр. Вот это да!

И не забудем про Лионеля Месси. Он же в детстве столкнулся с серьёзной болезнью, из-за которой не мог нормально расти. Представляете, как сложно было? Но он не сдался, боролся, преодолел всё это и стал звездой «Барселоны». Клуб даже помогал ему с лечением. Это просто невероятно, как он вернулся и стал одним из лучших футболистов в мире. 

Так что сила духа – это то, что действительно помогает людям справляться с трудностями, не опуская руки. Надеюсь, я смог показать, как это важно в жизни.",1
1243,7,"Человек — это действительно сложный организм, и вот это я могу сказать точно. Иногда, даже общаясь с кем-то, сложно понять, добрый он или злой, хороший или плохой. Все эти противоречия… Это как будто мы все в каком-то внутреннем конфликте, и иногда даже сами не знаем, что в нас сильнее. Лично я думаю, что чаще всего людей все-таки управляет доброта. Ну, как бы, добрым быть проще и приятнее, чем жестоким. Это как в жизни: когда ты улыбаешься, тебе тоже улыбаются в ответ, а когда ты злишься, то только отталкиваешь людей.

Вот, например, вспомним рассказ И.С. Тургенева «Бирюк». Главный герой, Бирюк, на первый взгляд кажется таким угрюмым и жестоким. Все его боятся, потому что он лесник и не щадит тех, кто нарушает закон. Но когда в его дом попадает заблудившийся путник, мы начинаем видеть другую сторону его натуры. Он ведь сам предложил укрытие, а потом выясняется, что живет он в нищете, воспитывает детей, а жена его сбежала. Это же ужасно! Но вместо того, чтобы окончательно ожесточиться, он проявляет доброту, отпуская воришку. Да, он может и жестоким казаться, но на самом деле его поступки говорят о том, что доброта в нем все равно есть. Это как маска, которую он носит, чтобы защитить себя и своих детей.

А еще вспомним Соню Мармеладову из «Преступления и наказания» Достоевского. Она тоже живет в ужасных условиях, и многие могли бы ее понять, если бы она стала злой или бездушной. Но она сохраняет веру и доброту, даже когда жизнь бьет ее по лицу. Соня не опускается до уровня тех, кто ее окружает. Это поразительно, ведь она могла бы стать частью жестокой системы, но не стала. Это показывает, что даже в самых тяжелых условиях можно сохранить в себе что-то светлое. 

В общем, мне кажется, что в каждом из нас есть это доброе начало, и его не так легко сломать. Нужно просто уметь ставить перед собой правильные цели и верить в лучшее. Если есть что-то, ради чего стоит жить, то и доброта будет проявляться гораздо проще. Я вот иногда думаю, что даже когда все вокруг кажется серым и безнадежным, нужно искать эти маленькие искорки добра. Это, наверное, и помогает нам оставаться людьми. 

Так что, подводя итог, можно сказать, что доброта — это то, что нас объединяет и делает сильнее. А жестокость — это скорее маска, которую мы надеваем, когда боимся показать свои настоящие чувства. И в этом, мне кажется, и заключается вся сложность и красота человеческой натуры.",1
1244,8,"Цель — это то, что мотивирует нас жить. Без неё как-то всё скучно и бессмысленно, правда? Но всегда ли стоит идти до конца, чтобы достичь своей цели? Мне кажется, что иногда стоит остановиться, если это правильно. Вспомнил повесть А. Куприна «Гранатовый браслет». Там главный герой, Желтков, живёт ради любви к княгине. Он пишет ей письма, дарит подарки, в общем, делает всё, чтобы она была счастлива. Но он не пытается добиться её взаимности, потому что это было бы неправильно. Если бы он пошел до конца, то есть попытался добиться её любви, его чувства стали бы какими-то пошлыми и навязчивыми. Он бы выглядел как маньяк, а не как влюбленный человек. И княгиня бы его точно отвергла. Вот и получается, что иногда лучше просто стремиться к цели, а не достигать её любой ценой.

А ещё есть пример из «Евгения Онегина» А. С. Пушкина. Там Татьяна безумно влюблена в Онегина и даже пишет ему письмо с признанием в любви. Это было очень смелое и рискованное решение, ведь в то время девушки не должны были так себя вести. Но Онегин отверг её, и она не стала продолжать борьбу. Вместо этого она вышла замуж по настоянию матери и стала уважаемой женщиной. Когда Онегин сам пришёл к ней с признанием, она его отвергла. Хотя она его всё ещё любила, но не могла предать мужа и своё положение в обществе. Вот и получается, что иногда нужно отказаться от своей цели ради чего-то более важного.

В общем, думаю, что в достижении цели нужно идти до конца, но не забывать о моральных принципах. Если они стоят на пути, то лучше остановиться. Ведь иногда лучше просто смотреть на звезду, даже если её не достать, чем идти на компромиссы с совестью.",1
