id,is_generated
0,0.06904066545116708
1,0.9951778852492951
2,0.06904066545116708
3,0.9775647326741497
4,0.06904066545116708
5,0.23779936572385468
6,0.06904066545116708
7,0.9915370810037633
8,0.06904066545116708
9,0.07635724102580776
10,0.08519872442891911
11,0.991151910299504
12,0.08519872442891911
13,0.9944985174489441
14,0.08519872442891911
15,0.9916043752291669
16,0.08519872442891911
17,0.995932761506506
18,0.08519872442891911
19,0.995432931197631
20,0.08000298923829477
21,0.9930819988814601
22,0.08000298923829477
23,0.9970502073998462
24,0.08000298923829477
25,0.9933166793853045
26,0.08000298923829477
27,0.9961817948028181
28,0.08000298923829477
29,0.9923102387985977
30,0.06542412837413565
31,0.9922133770718196
32,0.06542412837413565
33,0.9958237055990483
34,0.06542412837413565
35,0.9928886706287852
36,0.06542412837413565
37,0.9933899426252967
38,0.06542412837413565
39,0.9792984831009688
40,0.08672645260364707
41,0.9965986507346106
42,0.08672645260364707
43,0.9980644716488228
44,0.08672645260364707
45,0.9991490427449995
46,0.08672645260364707
47,0.99823531303028
48,0.08672645260364707
49,0.9966413195628595
50,0.08231103090336596
51,0.9920383919352393
52,0.08231103090336596
53,0.9899560523910428
54,0.08231103090336596
55,0.9919246730148504
56,0.08231103090336596
57,0.9922029616914176
58,0.08231103090336596
59,0.9924750990135808
60,0.032778901866782485
61,0.9902342211681653
62,0.032778901866782485
63,0.9924340281309788
64,0.032778901866782485
65,0.9903560335620573
66,0.032778901866782485
67,0.9967554018995706
68,0.032778901866782485
69,0.9907317113391267
70,0.04054375824426874
71,0.9911903117762634
72,0.04054375824426874
73,0.9927244323981291
74,0.04054375824426874
75,0.9903895901536298
76,0.04054375824426874
77,0.9936930900258458
78,0.04054375824426874
79,0.9954018772241614
80,0.031059705576762797
81,0.9935468752484724
82,0.031059705576762797
83,0.9934869559638191
84,0.031059705576762797
85,0.9913052523561288
86,0.031059705576762797
87,0.9931187318640271
88,0.031059705576762797
89,0.9926018466519474
90,0.0796212528624924
91,0.9450671909885338
92,0.0796212528624924
93,0.9944903092863556
94,0.0796212528624924
95,0.9927690889744979
96,0.0796212528624924
97,0.995068634020367
98,0.0796212528624924
99,0.6784832560437354
100,0.3167021480747381
101,0.9974002670141033
102,0.3167021480747381
103,0.996745613177337
104,0.3167021480747381
105,0.9972913321082323
106,0.3167021480747381
107,0.9982431315238821
108,0.3167021480747381
109,0.9969961721168408
110,0.053063393401547136
111,0.9942596220273205
112,0.053063393401547136
113,0.9930626399568743
114,0.053063393401547136
115,0.9944997813631575
116,0.053063393401547136
117,0.9930975630817911
118,0.053063393401547136
119,0.9922846009190035
120,0.05507702191910171
121,0.9977186964861318
122,0.05507702191910171
123,0.993015306105813
124,0.05507702191910171
125,0.9949418627895404
126,0.05507702191910171
127,0.9960965380005088
128,0.05507702191910171
129,0.9941021160110266
130,0.060363766452393164
131,0.9908517849543999
132,0.060363766452393164
133,0.991741229827252
134,0.060363766452393164
135,0.9918263888815092
136,0.060363766452393164
137,0.9932761265258646
138,0.060363766452393164
139,0.9922892244597303
140,0.032507680914335105
141,0.993213202057037
142,0.032507680914335105
143,0.9935291168137218
144,0.032507680914335105
145,0.9927447282064927
146,0.032507680914335105
147,0.9959459306035422
148,0.032507680914335105
149,0.9930754236840222
150,0.05787001184619647
151,0.9950144433959878
152,0.05787001184619647
153,0.9934227611713343
154,0.05787001184619647
155,0.9948960128723102
156,0.05787001184619647
157,0.9951126070047838
158,0.05787001184619647
159,0.9945084949901509
160,0.11690528306326263
161,0.9989663644450767
162,0.11690528306326263
163,0.9940550718171557
164,0.11690528306326263
165,0.994776835626665
166,0.11690528306326263
167,0.8973609344596474
168,0.11690528306326263
169,0.995497889035792
170,0.08979892459954267
171,0.9934074295371599
172,0.08979892459954267
173,0.9924319632877692
174,0.08979892459954267
175,0.9946504589734384
176,0.08979892459954267
177,0.9918394317189878
178,0.08979892459954267
179,0.9981020165892088
180,0.12285700207201211
181,0.9920037375258978
182,0.12285700207201211
183,0.9936532091938937
184,0.12285700207201211
185,0.994213916536071
186,0.12285700207201211
187,0.9940347017042702
188,0.12285700207201211
189,0.9962532688998573
190,0.0667458266545295
191,0.9822503857972141
192,0.0667458266545295
193,0.99059835507825
194,0.0667458266545295
195,0.8370440216935124
196,0.0667458266545295
197,0.9904465926463523
198,0.0667458266545295
199,0.9904459519402439
200,0.1072630391525372
201,0.9975171616605395
202,0.1072630391525372
203,0.9945736081960597
204,0.1072630391525372
205,0.9956860335557739
206,0.1072630391525372
207,0.36436454543072383
208,0.1072630391525372
209,0.9952230614603079
210,0.10083270913874375
211,0.9958792799511319
212,0.10083270913874375
213,0.9970591864758007
214,0.10083270913874375
215,0.9967908914455235
216,0.10083270913874375
217,0.9967598629680738
218,0.10083270913874375
219,0.9985555380759189
220,0.13559780326837548
221,0.9973367820650489
222,0.13559780326837548
223,0.9948756119895604
224,0.13559780326837548
225,0.9913837423592925
226,0.13559780326837548
227,0.994214220069068
228,0.13559780326837548
229,0.9910129789333703
230,0.07123870908606024
231,0.9961589105653912
232,0.07123870908606024
233,0.9983632016014675
234,0.07123870908606024
235,0.9973394704450151
236,0.07123870908606024
237,0.9964823847035746
238,0.07123870908606024
239,0.9965889359044006
240,0.05027169688187347
241,0.9906879105212918
242,0.05027169688187347
243,0.9911053701432516
244,0.05027169688187347
245,0.991218841134366
246,0.05027169688187347
247,0.9911870053925305
248,0.05027169688187347
249,0.9933139005865712
250,0.0609829762699262
251,0.9961847953578973
252,0.0609829762699262
253,0.997473134431038
254,0.0609829762699262
255,0.9929168981086058
256,0.0609829762699262
257,0.99565096677084
258,0.0609829762699262
259,0.9939179240444418
260,0.0603550253329965
261,0.9966633809327933
262,0.0603550253329965
263,0.9960740640332083
264,0.0603550253329965
265,0.9969154935388386
266,0.0603550253329965
267,0.9945934270958524
268,0.0603550253329965
269,0.9959479582991856
270,0.9988361604009789
271,0.9972444622399989
272,0.9988361604009789
273,0.9956634440795807
274,0.9988361604009789
275,0.9975070470504559
276,0.9988361604009789
277,0.9974831011990175
278,0.9988361604009789
279,0.9967959370463867
280,0.24481840596888618
281,0.5161215985352894
282,0.24481840596888618
283,0.14246208006486002
284,0.24481840596888618
285,0.6374809383858129
286,0.24481840596888618
287,0.19859252286186865
288,0.24481840596888618
289,0.20576692981531755
290,0.9752504197647103
291,0.9954957734384327
292,0.9752504197647103
293,0.9958099416640258
294,0.9752504197647103
295,0.994713268178431
296,0.9752504197647103
297,0.9954098607774231
298,0.9752504197647103
299,0.9986568339324631
300,0.04209623672059544
301,0.9937061172071918
302,0.04209623672059544
303,0.9925136680558614
304,0.04209623672059544
305,0.992830432827002
306,0.04209623672059544
307,0.992696714831112
308,0.04209623672059544
309,0.990141708069849
310,0.07872313177736033
311,0.9946733775125576
312,0.07872313177736033
313,0.9909433498964911
314,0.07872313177736033
315,0.9901840258044109
316,0.07872313177736033
317,0.9905677178354685
318,0.07872313177736033
319,0.9923137961506563
320,0.04134872095938203
321,0.9857928541400263
322,0.04134872095938203
323,0.9959202618208175
324,0.04134872095938203
325,0.9949973506139901
326,0.04134872095938203
327,0.9957502671837425
328,0.04134872095938203
329,0.9940266720458234
330,0.11209419811170422
331,0.9937066401019873
332,0.11209419811170422
333,0.9923573722056532
334,0.11209419811170422
335,0.9934928813757008
336,0.11209419811170422
337,0.9949109740127378
338,0.11209419811170422
339,0.9798858892756231
340,0.09339198891353012
341,0.9946544868208713
342,0.09339198891353012
343,0.9969435669272694
344,0.09339198891353012
345,0.995639803459386
346,0.09339198891353012
347,0.9925445223372891
348,0.09339198891353012
349,0.9976848184017374
350,0.06030830372203289
351,0.9918641071014661
352,0.06030830372203289
353,0.9965939047119413
354,0.06030830372203289
355,0.9914775421992672
356,0.06030830372203289
357,0.9945888807998249
358,0.06030830372203289
359,0.9953992312997563
360,0.05271915173949115
361,0.9925727723870222
362,0.05271915173949115
363,0.9938206358337206
364,0.05271915173949115
365,0.9940343055650953
366,0.05271915173949115
367,0.9962548513213794
368,0.05271915173949115
369,0.9964276508649027
370,0.2202221476331589
371,0.9944469000531168
372,0.2202221476331589
373,0.9930133972407237
374,0.2202221476331589
375,0.995578290245408
376,0.2202221476331589
377,0.9962048147822199
378,0.2202221476331589
379,0.9952674400390635
380,0.055109038921341925
381,0.993502023838669
382,0.055109038921341925
383,0.9924131100772973
384,0.055109038921341925
385,0.9914654755682611
386,0.055109038921341925
387,0.9901075679356998
388,0.055109038921341925
389,0.9923007742678007
390,0.0461630791885411
391,0.9938080658842129
392,0.0461630791885411
393,0.9924086971172977
394,0.0461630791885411
395,0.9935993316730896
396,0.0461630791885411
397,0.9949563737818293
398,0.0461630791885411
399,0.9905393731870905
400,0.32307032926139284
401,0.9956037688876705
402,0.32307032926139284
403,0.9936259683744546
404,0.32307032926139284
405,0.9971200348510784
406,0.32307032926139284
407,0.9978559555197792
408,0.32307032926139284
409,0.9969291832712973
410,0.0572666884073773
411,0.9938765833668727
412,0.0572666884073773
413,0.9923673280774491
414,0.0572666884073773
415,0.9941627969898076
416,0.0572666884073773
417,0.9928350271281038
418,0.0572666884073773
419,0.9934075853591153
420,0.08375110140318524
421,0.9885549251296454
422,0.08375110140318524
423,0.9914686125458118
424,0.08375110140318524
425,0.9907311620659005
426,0.08375110140318524
427,0.9913786341829351
428,0.08375110140318524
429,0.9905018733869353
430,0.06512189654081385
431,0.9945632394928124
432,0.06512189654081385
433,0.991398233529222
434,0.06512189654081385
435,0.9958614289528533
436,0.06512189654081385
437,0.9958041006902699
438,0.06512189654081385
439,0.9970693184634539
440,0.16996227787963253
441,0.9910655769576044
442,0.16996227787963253
443,0.9946872974810803
444,0.16996227787963253
445,0.9937297544282467
446,0.16996227787963253
447,0.9952523426653528
448,0.16996227787963253
449,0.9972989333111678
450,0.05498757725919995
451,0.9975377956693015
452,0.05498757725919995
453,0.9960800050374593
454,0.05498757725919995
455,0.9959142817595467
456,0.05498757725919995
457,0.9954553822279525
458,0.05498757725919995
459,0.9992676957095631
460,0.03801656040993765
461,0.9965708133817822
462,0.03801656040993765
463,0.9949150630226641
464,0.03801656040993765
465,0.9955324222226498
466,0.03801656040993765
467,0.9908745537171002
468,0.03801656040993765
469,0.9958632688123961
470,0.030586528879067775
471,0.994263033090776
472,0.030586528879067775
473,0.9912684503817883
474,0.030586528879067775
475,0.9904024794628359
476,0.030586528879067775
477,0.995390717221246
478,0.030586528879067775
479,0.9930755888276573
480,0.04940732955570757
481,0.992871680403561
482,0.04940732955570757
483,0.9968708542270202
484,0.04940732955570757
485,0.996449328158604
486,0.04940732955570757
487,0.9944879307260749
488,0.04940732955570757
489,0.9951740378861337
490,0.11030276002326955
491,0.9903104352257267
492,0.11030276002326955
493,0.9853215031502496
494,0.11030276002326955
495,0.9931724285044171
496,0.11030276002326955
497,0.9902530511378961
498,0.11030276002326955
499,0.9956953371214213
500,0.16183397959567314
501,0.9951320889228756
502,0.16183397959567314
503,0.9963593255944844
504,0.16183397959567314
505,0.995543647131715
506,0.16183397959567314
507,0.9957767831184069
508,0.16183397959567314
509,0.9975708963166896
510,0.09903814163446001
511,0.9959765369499023
512,0.09903814163446001
513,0.9909234386026967
514,0.09903814163446001
515,0.9943408267339101
516,0.09903814163446001
517,0.9971788884719935
518,0.09903814163446001
519,0.992393728543469
520,0.12426984969577809
521,0.9929272895710989
522,0.12426984969577809
523,0.9930651380864792
524,0.12426984969577809
525,0.990528796134968
526,0.12426984969577809
527,0.9965738896761516
528,0.12426984969577809
529,0.9931842015212335
530,0.280804849247511
531,0.9954367721008822
532,0.280804849247511
533,0.9938841463744276
534,0.280804849247511
535,0.9946052657270095
536,0.280804849247511
537,0.9921510511410073
538,0.280804849247511
539,0.9966133994666954
540,0.025936458478092003
541,0.9938144897020633
542,0.025936458478092003
543,0.9938322277307887
544,0.025936458478092003
545,0.9917901523009681
546,0.025936458478092003
547,0.9947736035950859
548,0.025936458478092003
549,0.9936955631756401
550,0.1859009436826537
551,0.9936238970884818
552,0.1859009436826537
553,0.9931201753607646
554,0.1859009436826537
555,0.9937150704083129
556,0.1859009436826537
557,0.9930952671507601
558,0.1859009436826537
559,0.9928813770808602
560,0.03689873812496983
561,0.996455429637258
562,0.03689873812496983
563,0.07376188687119667
564,0.03689873812496983
565,0.9950612793865548
566,0.03689873812496983
567,0.9934366011262393
568,0.03689873812496983
569,0.9929008737993563
570,0.08662827225699499
571,0.9954985952749159
572,0.08662827225699499
573,0.9975462102071941
574,0.08662827225699499
575,0.9931487113976513
576,0.08662827225699499
577,0.9964095661957937
578,0.08662827225699499
579,0.9960089836743882
580,0.06903466672000114
581,0.9983453107230924
582,0.06903466672000114
583,0.9919262367363326
584,0.06903466672000114
585,0.9920763310004337
586,0.06903466672000114
587,0.995397296036767
588,0.06903466672000114
589,0.9928967142898982
590,0.05558399128516031
591,0.9932099058720976
592,0.05558399128516031
593,0.9954087268547434
594,0.05558399128516031
595,0.994076818148066
596,0.05558399128516031
597,0.9944248682073731
598,0.05558399128516031
599,0.9930891810991825
600,0.06947012800741263
601,0.991754832015287
602,0.06947012800741263
603,0.9934711535410258
604,0.06947012800741263
605,0.9940610543632239
606,0.06947012800741263
607,0.9921515784071776
608,0.06947012800741263
609,0.9958731413693706
610,0.06201798718926156
611,0.9927973893712067
612,0.06201798718926156
613,0.9929690419379348
614,0.06201798718926156
615,0.9946328272148323
616,0.06201798718926156
617,0.9926548117202965
618,0.06201798718926156
619,0.9936283663149463
620,0.2872130646102899
621,0.994383481913326
622,0.2872130646102899
623,0.9909975966278569
624,0.2872130646102899
625,0.9934702736712319
626,0.2872130646102899
627,0.9923764397374908
628,0.2872130646102899
629,0.9933518324594649
630,0.023621101531606795
631,0.9956475472447566
632,0.023621101531606795
633,0.9946892976913213
634,0.023621101531606795
635,0.9971962931524282
636,0.023621101531606795
637,0.9950278313273001
638,0.023621101531606795
639,0.9931294824857126
640,0.06056203952815043
641,0.9933986794382831
642,0.06056203952815043
643,0.9950627887171679
644,0.06056203952815043
645,0.9913037754891627
646,0.06056203952815043
647,0.9919650869809362
648,0.06056203952815043
649,0.9928020404610531
650,0.07332513746188256
651,0.9950019308961037
652,0.07332513746188256
653,0.9938441877884616
654,0.07332513746188256
655,0.9935621392948388
656,0.07332513746188256
657,0.9950610853015017
658,0.07332513746188256
659,0.9951113858655013
660,0.05307374550456129
661,0.9925309559365311
662,0.05307374550456129
663,0.9910623295593739
664,0.05307374550456129
665,0.9931575472635316
666,0.05307374550456129
667,0.9926863616481055
668,0.05307374550456129
669,0.9940716816573147
670,0.020822766243722802
671,0.9908826591763463
672,0.020822766243722802
673,0.9954657199711904
674,0.020822766243722802
675,0.9898813109967655
676,0.020822766243722802
677,0.9923195063861631
678,0.020822766243722802
679,0.9949801395514382
680,0.027858461704247627
681,0.9921950651033727
682,0.027858461704247627
683,0.9919250880180533
684,0.027858461704247627
685,0.9927558301930266
686,0.027858461704247627
687,0.993452513387063
688,0.027858461704247627
689,0.9905501237926033
690,0.06818512894006656
691,0.9919635307229829
692,0.06818512894006656
693,0.9886544541883059
694,0.06818512894006656
695,0.9919760087037128
696,0.06818512894006656
697,0.9953501448246966
698,0.06818512894006656
699,0.9915495140066909
700,0.031064515744651012
701,0.9921546815524757
702,0.031064515744651012
703,0.9949190337341418
704,0.031064515744651012
705,0.9909534313414551
706,0.031064515744651012
707,0.9931923447113089
708,0.031064515744651012
709,0.9908543142354164
710,0.057739681944746664
711,0.994784533515249
712,0.057739681944746664
713,0.9952016402833073
714,0.057739681944746664
715,0.9958974613071323
716,0.057739681944746664
717,0.9983063948055032
718,0.057739681944746664
719,0.9962089866520768
720,0.03171261974588673
721,0.9926163793768182
722,0.03171261974588673
723,0.993237416898679
724,0.03171261974588673
725,0.9924555466412401
726,0.03171261974588673
727,0.9982589347087246
728,0.03171261974588673
729,0.9920449376044069
730,0.15991987880814548
731,0.9932816607359541
732,0.15991987880814548
733,0.9908369601319719
734,0.15991987880814548
735,0.9929052830900115
736,0.15991987880814548
737,0.14978621689900665
738,0.15991987880814548
739,0.9926941430191564
740,0.12818039767765077
741,0.9959804157419196
742,0.12818039767765077
743,0.9938505730045376
744,0.12818039767765077
745,0.9932890776078148
746,0.12818039767765077
747,0.9937077865646003
748,0.12818039767765077
749,0.9941382278066234
750,0.033207730753743565
751,0.9969068653098101
752,0.033207730753743565
753,0.9933867237112181
754,0.033207730753743565
755,0.9953201269865274
756,0.033207730753743565
757,0.993835011800663
758,0.033207730753743565
759,0.9269836173785161
760,0.0899684785911756
761,0.992193984471703
762,0.0899684785911756
763,0.9924691431071447
764,0.0899684785911756
765,0.9908000107482864
766,0.0899684785911756
767,0.9934877300166565
768,0.0899684785911756
769,0.9913716810277337
770,0.08690196818068005
771,0.9939052611848816
772,0.08690196818068005
773,0.9924494853973956
774,0.08690196818068005
775,0.9911929569686
776,0.08690196818068005
777,0.9941933183361216
778,0.08690196818068005
779,0.9924685763463623
780,0.058313122409392494
781,0.9934921639513986
782,0.058313122409392494
783,0.9950605867441811
784,0.058313122409392494
785,0.9911123048581687
786,0.058313122409392494
787,0.9879009905029551
788,0.058313122409392494
789,0.9895080662387367
790,0.1271990856131703
791,0.9951743635998043
792,0.1271990856131703
793,0.9943896675641756
794,0.1271990856131703
795,0.9932475829388199
796,0.1271990856131703
797,0.996102097804289
798,0.1271990856131703
799,0.9945873577396623
800,0.05706582385956568
801,0.9941694543456499
802,0.05706582385956568
803,0.9944883890281886
804,0.05706582385956568
805,0.9922815669822295
806,0.05706582385956568
807,0.996565565185418
808,0.05706582385956568
809,0.9957853066911941
810,0.03936221364332513
811,0.9966847064433458
812,0.03936221364332513
813,0.9956372782309626
814,0.03936221364332513
815,0.9963929157397198
816,0.03936221364332513
817,0.9973372692912728
818,0.03936221364332513
819,0.9966055076742437
820,0.18962988914738957
821,0.994808240048172
822,0.18962988914738957
823,0.99628593123255
824,0.18962988914738957
825,0.997182261295051
826,0.18962988914738957
827,0.9951059340888858
828,0.18962988914738957
829,0.9961524387126527
830,0.08782440034400027
831,0.9955332736689573
832,0.08782440034400027
833,0.9969112005728973
834,0.08782440034400027
835,0.9951508594278378
836,0.08782440034400027
837,0.9940086350831608
838,0.08782440034400027
839,0.9940837189849898
840,0.38561800851382216
841,0.9942373763869946
842,0.38561800851382216
843,0.9943734116428219
844,0.38561800851382216
845,0.9938592883253008
846,0.38561800851382216
847,0.992666717219799
848,0.38561800851382216
849,0.9949107660975476
850,0.06612286038889009
851,0.9946903935240362
852,0.06612286038889009
853,0.9954425067471239
854,0.06612286038889009
855,0.9945980114085748
856,0.06612286038889009
857,0.9935242458047098
858,0.06612286038889009
859,0.996030651876626
860,0.09354615054547445
861,0.9919138530398073
862,0.09354615054547445
863,0.9905161500425473
864,0.09354615054547445
865,0.9924540305487294
866,0.09354615054547445
867,0.9910591519247784
868,0.09354615054547445
869,0.9932480914759854
870,0.07148479361300834
871,0.992493443172541
872,0.07148479361300834
873,0.9946445806293644
874,0.07148479361300834
875,0.993744117242935
876,0.07148479361300834
877,0.9960580308873241
878,0.07148479361300834
879,0.9963434306775141
880,0.044386798720517796
881,0.9958197928540073
882,0.044386798720517796
883,0.9967958731285728
884,0.044386798720517796
885,0.9950270622686515
886,0.044386798720517796
887,0.9922480681047526
888,0.044386798720517796
889,0.9926274134955808
890,0.09621349228391814
891,0.9919768015995422
892,0.09621349228391814
893,0.9900559816243424
894,0.09621349228391814
895,0.9911233062936554
896,0.09621349228391814
897,0.9917559720271879
898,0.09621349228391814
899,0.989584531083752
900,0.038628086615337946
901,0.9970614925923116
902,0.038628086615337946
903,0.9911118680392839
904,0.038628086615337946
905,0.9935422493647181
906,0.038628086615337946
907,0.994827637266997
908,0.038628086615337946
909,0.994339121603473
910,0.03201358727917469
911,0.9937461739050142
912,0.03201358727917469
913,0.9954812003198527
914,0.03201358727917469
915,0.9959060016273048
916,0.03201358727917469
917,0.9949727884193235
918,0.03201358727917469
919,0.9925287263989204
920,0.051803999942755884
921,0.9958878096992851
922,0.051803999942755884
923,0.9961440577476643
924,0.051803999942755884
925,0.9947623386629819
926,0.051803999942755884
927,0.998470362094066
928,0.051803999942755884
929,0.9949390235797704
930,0.11094189404884659
931,0.994653723588961
932,0.11094189404884659
933,0.9932674434904469
934,0.11094189404884659
935,0.9925038291594077
936,0.11094189404884659
937,0.9945249706394924
938,0.11094189404884659
939,0.9917844052710851
940,0.03736516618932333
941,0.993258161170152
942,0.03736516618932333
943,0.9932195367629465
944,0.03736516618932333
945,0.9936368891302573
946,0.03736516618932333
947,0.9922992213523179
948,0.03736516618932333
949,0.9914476837207917
950,0.04036498830181107
951,0.9936465897634676
952,0.04036498830181107
953,0.9938457962704679
954,0.04036498830181107
955,0.9952557964460856
956,0.04036498830181107
957,0.9931304079590215
958,0.04036498830181107
959,0.9947992155730611
960,0.02343855066481667
961,0.9932453634223375
962,0.02343855066481667
963,0.053040767085036286
964,0.02343855066481667
965,0.9955652922396512
966,0.02343855066481667
967,0.994957973691001
968,0.02343855066481667
969,0.9929121024149826
970,0.15298454196928096
971,0.9945476515969616
972,0.15298454196928096
973,0.9960150407705669
974,0.15298454196928096
975,0.9935268097594075
976,0.15298454196928096
977,0.9964713578495844
978,0.15298454196928096
979,0.9936364103917822
980,0.25043562355943133
981,0.9943664041533806
982,0.25043562355943133
983,0.9946351883729168
984,0.25043562355943133
985,0.9967409109707717
986,0.25043562355943133
987,0.9964229735922691
988,0.25043562355943133
989,0.9960861714990481
990,0.11201437915171117
991,0.9969907718218842
992,0.11201437915171117
993,0.9947997108232597
994,0.11201437915171117
995,0.9933665306289247
996,0.11201437915171117
997,0.9955074818606187
998,0.11201437915171117
999,0.9946572196144442
1000,0.09237930792174147
1001,0.9942407776737903
1002,0.09237930792174147
1003,0.9949982028182378
1004,0.09237930792174147
1005,0.9952404962209692
1006,0.09237930792174147
1007,0.9939418988292296
1008,0.09237930792174147
1009,0.9947818162243569
1010,0.06084938412039876
1011,0.9922675116570333
1012,0.06084938412039876
1013,0.991918668241737
1014,0.06084938412039876
1015,0.9929688742712028
1016,0.06084938412039876
1017,0.9922065700005432
1018,0.06084938412039876
1019,0.9925177537667779
1020,0.04309356317045518
1021,0.992360699924241
1022,0.04309356317045518
1023,0.9937230140142953
1024,0.04309356317045518
1025,0.9945859924183069
1026,0.04309356317045518
1027,0.9949410854764208
1028,0.04309356317045518
1029,0.99352973517987
1030,0.019152685734213158
1031,0.9970632626495294
1032,0.019152685734213158
1033,0.9965721201935531
1034,0.019152685734213158
1035,0.9986588907393543
1036,0.019152685734213158
1037,0.9986030047008687
1038,0.019152685734213158
1039,0.9973218126528708
1040,0.04232887148720105
1041,0.9899620508246757
1042,0.04232887148720105
1043,0.9973164092432956
1044,0.04232887148720105
1045,0.9084012432109508
1046,0.04232887148720105
1047,0.2964037762972789
1048,0.04232887148720105
1049,0.9949463030821218
1050,0.04562370167192704
1051,0.9958680188997998
1052,0.04562370167192704
1053,0.9978663482729913
1054,0.04562370167192704
1055,0.9933632204936333
1056,0.04562370167192704
1057,0.9968596428328513
1058,0.04562370167192704
1059,0.9961677763800969
1060,0.021498056088530094
1061,0.9970980444459597
1062,0.021498056088530094
1063,0.9988199099119313
1064,0.021498056088530094
1065,0.9988644368022267
1066,0.021498056088530094
1067,0.9960321013203096
1068,0.021498056088530094
1069,0.996783979607436
1070,0.03432505392269496
1071,0.9915783877341825
1072,0.03432505392269496
1073,0.9941240182831983
1074,0.03432505392269496
1075,0.9927069085757293
1076,0.03432505392269496
1077,0.9967478951045701
1078,0.03432505392269496
1079,0.9930386271570434
1080,0.05371977745780833
1081,0.9970725263949661
1082,0.05371977745780833
1083,0.9148581750121578
1084,0.05371977745780833
1085,0.47079713852175353
1086,0.05371977745780833
1087,0.9931496063108463
1088,0.05371977745780833
1089,0.9960280821917379
1090,0.1771060805307069
1091,0.9953809055677438
1092,0.1771060805307069
1093,0.9958373433941158
1094,0.1771060805307069
1095,0.9970506654221665
1096,0.1771060805307069
1097,0.9968700844702025
1098,0.1771060805307069
1099,0.9951257714533808
1100,0.05599914848169337
1101,0.9796752685355626
1102,0.05599914848169337
1103,0.8956011603334498
1104,0.05599914848169337
1105,0.9900349586849548
1106,0.05599914848169337
1107,0.9354478969576857
1108,0.05599914848169337
1109,0.9941924147128056
1110,0.08223215715795931
1111,0.9932684293066246
1112,0.08223215715795931
1113,0.991941035345697
1114,0.08223215715795931
1115,0.9932264316012444
1116,0.08223215715795931
1117,0.9944627685182444
1118,0.08223215715795931
1119,0.9922418414748574
1120,0.09640462268836872
1121,0.9970152817250628
1122,0.09640462268836872
1123,0.9949037592583183
1124,0.09640462268836872
1125,0.9976588407905504
1126,0.09640462268836872
1127,0.9945995529862282
1128,0.09640462268836872
1129,0.9983895876147906
1130,0.07503542254853746
1131,0.9974964745599089
1132,0.07503542254853746
1133,0.9953197012644982
1134,0.07503542254853746
1135,0.9963869367984877
1136,0.07503542254853746
1137,0.9950449772661143
1138,0.07503542254853746
1139,0.9958842657515394
1140,0.07634056005396217
1141,0.8757010115655185
1142,0.07634056005396217
1143,0.9934807638502913
1144,0.07634056005396217
1145,0.9967308353425396
1146,0.07634056005396217
1147,0.9963539722144588
1148,0.07634056005396217
1149,0.9942445650735187
1150,0.7115122396944787
1151,0.9969853143957198
1152,0.7115122396944787
1153,0.9947285684049366
1154,0.7115122396944787
1155,0.9989474236829866
1156,0.7115122396944787
1157,0.996872508391162
1158,0.7115122396944787
1159,0.9968909251098212
1160,0.08882959794529621
1161,0.9979526311498232
1162,0.08882959794529621
1163,0.9989936866543705
1164,0.08882959794529621
1165,0.9992875436482015
1166,0.08882959794529621
1167,0.997500313217667
1168,0.08882959794529621
1169,0.999250214810084
1170,0.08063183239763674
1171,0.9945591338788808
1172,0.08063183239763674
1173,0.9925601094306272
1174,0.08063183239763674
1175,0.9920316528443771
1176,0.08063183239763674
1177,0.9907323698119233
1178,0.08063183239763674
1179,0.9911840115936009
1180,0.08713946810583915
1181,0.9952064524025138
1182,0.08713946810583915
1183,0.9934568930880001
1184,0.08713946810583915
1185,0.9934088383550058
1186,0.08713946810583915
1187,0.9949562432425664
1188,0.08713946810583915
1189,0.9958370788351892
1190,0.09399843065212032
1191,0.9942709620264993
1192,0.09399843065212032
1193,0.9916968114009641
1194,0.09399843065212032
1195,0.9917149398408432
1196,0.09399843065212032
1197,0.9941998132454791
1198,0.09399843065212032
1199,0.9927440963407029
1200,0.0442621142190684
1201,0.9940945396376222
1202,0.0442621142190684
1203,0.9971198055985443
1204,0.0442621142190684
1205,0.9957004759794329
1206,0.0442621142190684
1207,0.9951457790909543
1208,0.0442621142190684
1209,0.9943485138092746
1210,0.025118833151697238
1211,0.9949236351556919
1212,0.025118833151697238
1213,0.9917690618583014
1214,0.025118833151697238
1215,0.9923401690711057
1216,0.025118833151697238
1217,0.9918471070775687
1218,0.025118833151697238
1219,0.9909360488929613
1220,0.9679353696668308
1221,0.9994566651203961
1222,0.9679353696668308
1223,0.9997618446412507
1224,0.9679353696668308
1225,0.9997410982033886
1226,0.9679353696668308
1227,0.9999520183247239
1228,0.9679353696668308
1229,0.9991897122574739
1230,0.1100131020596562
1231,0.9931487113976513
1232,0.1100131020596562
1233,0.99058557598152
1234,0.1100131020596562
1235,0.9921997234661812
1236,0.1100131020596562
1237,0.9954850551790555
1238,0.1100131020596562
1239,0.9939475118117443
1240,0.05741470239094127
1241,0.9921714614711239
1242,0.05741470239094127
1243,0.9953617701408688
1244,0.05741470239094127
1245,0.9951662846096518
1246,0.05741470239094127
1247,0.9939547965036041
1248,0.05741470239094127
1249,0.9951766024225868
1250,0.06272891300178633
1251,0.9932575469106302
1252,0.06272891300178633
1253,0.996882496371055
1254,0.06272891300178633
1255,0.9965619481700517
1256,0.06272891300178633
1257,0.9971605419506562
1258,0.06272891300178633
1259,0.3433781657379254
1260,0.7026235167236039
1261,0.9983554522404481
1262,0.7026235167236039
1263,0.998440321788128
1264,0.7026235167236039
1265,0.996752129965192
1266,0.7026235167236039
1267,0.997526846584233
1268,0.7026235167236039
1269,0.9952792172343434
1270,0.05220064078831515
1271,0.9903824157842299
1272,0.05220064078831515
1273,0.9917679236414815
1274,0.05220064078831515
1275,0.9923122458413074
1276,0.05220064078831515
1277,0.9913200121422128
1278,0.05220064078831515
1279,0.9915647629067434
1280,0.11626048792305518
1281,0.998146718626375
1282,0.11626048792305518
1283,0.9987979088243987
1284,0.11626048792305518
1285,0.9990625889638467
1286,0.11626048792305518
1287,0.9986239892919905
1288,0.11626048792305518
1289,0.998732356331004
1290,0.05228384993633802
1291,0.057968965313729894
1292,0.05228384993633802
1293,0.9924130807776129
1294,0.05228384993633802
1295,0.0622479229978995
1296,0.05228384993633802
1297,0.30525726505703465
1298,0.05228384993633802
1299,0.041381192505825795
1300,0.07365413950995098
1301,0.9928694515644169
1302,0.07365413950995098
1303,0.996220776130609
1304,0.07365413950995098
1305,0.9948401740789654
1306,0.07365413950995098
1307,0.9942058068876938
1308,0.07365413950995098
1309,0.9960175513763421
1310,0.09717698284043454
1311,0.9947720073603383
1312,0.09717698284043454
1313,0.9787426504724196
1314,0.09717698284043454
1315,0.9947056331271051
1316,0.09717698284043454
1317,0.9898925981778902
1318,0.09717698284043454
1319,0.9947674545352289
1320,0.36634042195844113
1321,0.9974334767408828
1322,0.36634042195844113
1323,0.9972043493925035
1324,0.36634042195844113
1325,0.9986820380537609
1326,0.36634042195844113
1327,0.9950067257586178
1328,0.36634042195844113
1329,0.997224124778324
1330,0.07011432321577488
1331,0.9952768198929793
1332,0.07011432321577488
1333,0.9951531284081314
1334,0.07011432321577488
1335,0.9930004449438732
1336,0.07011432321577488
1337,0.9911318592853483
1338,0.07011432321577488
1339,0.9937848423509251
1340,0.059493653808000375
1341,0.9939620728464932
1342,0.059493653808000375
1343,0.9964479463679726
1344,0.059493653808000375
1345,0.9944498046551966
1346,0.059493653808000375
1347,0.9980040066151881
1348,0.059493653808000375
1349,0.9968848741114535
1350,0.06955766575235545
1351,0.9904799870830981
1352,0.06955766575235545
1353,0.9961169722851482
1354,0.06955766575235545
1355,0.9943112108770604
1356,0.06955766575235545
1357,0.9943755741329322
1358,0.06955766575235545
1359,0.9932607761766997
1360,0.071271673572996
1361,0.9912315635923606
1362,0.071271673572996
1363,0.9937565195744115
1364,0.071271673572996
1365,0.9926079325263097
1366,0.071271673572996
1367,0.9941425924440738
1368,0.071271673572996
1369,0.991674561624893
1370,0.059566973865014305
1371,0.9915775873696911
1372,0.059566973865014305
1373,0.9936972854510603
1374,0.059566973865014305
1375,0.9937314930476359
1376,0.059566973865014305
1377,0.9930340794298802
1378,0.059566973865014305
1379,0.9947452195808236
1380,0.08262387412764463
1381,0.9957503349336794
1382,0.08262387412764463
1383,0.9950606782185358
1384,0.08262387412764463
1385,0.9946866961575018
1386,0.08262387412764463
1387,0.9949850151309901
1388,0.08262387412764463
1389,0.996674616093001
1390,0.054359187856730114
1391,0.994669068467348
1392,0.054359187856730114
1393,0.9958524497982781
1394,0.054359187856730114
1395,0.9949389228064943
1396,0.054359187856730114
1397,0.9963740865752729
1398,0.054359187856730114
1399,0.9945406619077335
1400,0.08004446936303013
1401,0.9925769561522585
1402,0.08004446936303013
1403,0.9937026261958891
1404,0.08004446936303013
1405,0.9945581627463221
1406,0.08004446936303013
1407,0.9923714627395792
1408,0.08004446936303013
1409,0.9942067177035437
1410,0.12690414510871542
1411,0.9925015457479438
1412,0.12690414510871542
1413,0.9936108045786974
1414,0.12690414510871542
1415,0.9945115860291645
1416,0.12690414510871542
1417,0.9934062279833342
1418,0.12690414510871542
1419,0.9932871385278506
1420,0.06089787448597288
1421,0.9979274105017855
1422,0.06089787448597288
1423,0.9961619749443023
1424,0.06089787448597288
1425,0.9952492991733429
1426,0.06089787448597288
1427,0.99586522231286
1428,0.06089787448597288
1429,0.9954102437951701
1430,0.07441864536818744
1431,0.9974218596903434
1432,0.07441864536818744
1433,0.9959813895304276
1434,0.07441864536818744
1435,0.9957190011740005
1436,0.07441864536818744
1437,0.9936747035246338
1438,0.07441864536818744
1439,0.995118341970747
1440,0.06925646221221272
1441,0.9979133985091493
1442,0.06925646221221272
1443,0.9962927247707156
1444,0.06925646221221272
1445,0.9957727245728286
1446,0.06925646221221272
1447,0.9969893845284824
1448,0.06925646221221272
1449,0.9961018655478585
1450,0.05975195402312207
1451,0.9935362365737802
1452,0.05975195402312207
1453,0.9937242632038626
1454,0.05975195402312207
1455,0.995055322792099
1456,0.05975195402312207
1457,0.9931429056387739
1458,0.05975195402312207
1459,0.992667645493008
1460,0.07112785323969166
1461,0.994919619352469
1462,0.07112785323969166
1463,0.996153248287903
1464,0.07112785323969166
1465,0.9957856081212374
1466,0.07112785323969166
1467,0.9944867939489075
1468,0.07112785323969166
1469,0.9935204868075913
1470,0.02915349459949802
1471,0.9932450702667102
1472,0.02915349459949802
1473,0.9950206874022398
1474,0.02915349459949802
1475,0.995135042754993
1476,0.02915349459949802
1477,0.9956048500619858
1478,0.02915349459949802
1479,0.9909216464305364
1480,0.046070058352739064
1481,0.9920146839108261
1482,0.046070058352739064
1483,0.9918632062509188
1484,0.046070058352739064
1485,0.9934615544353861
1486,0.046070058352739064
1487,0.9946209618937678
1488,0.046070058352739064
1489,0.993240763227304
1490,0.053442364538750106
1491,0.991391024653909
1492,0.053442364538750106
1493,0.991950142191696
1494,0.053442364538750106
1495,0.9949884735772122
1496,0.053442364538750106
1497,0.9944960733464089
1498,0.053442364538750106
1499,0.9965548806323519
1500,0.09234800708230444
1501,0.9927273296670214
1502,0.09234800708230444
1503,0.9939859574719164
1504,0.09234800708230444
1505,0.9868509607594143
1506,0.09234800708230444
1507,0.9941895968402341
1508,0.09234800708230444
1509,0.9928494944680161
1510,0.0965802237066028
1511,0.9930158590014955
1512,0.0965802237066028
1513,0.9945238644688966
1514,0.0965802237066028
1515,0.993009524703228
1516,0.0965802237066028
1517,0.6228071266613083
1518,0.0965802237066028
1519,0.9938666748060095
1520,0.032317637969805704
1521,0.9922422711159008
1522,0.032317637969805704
1523,0.9857248506809497
1524,0.032317637969805704
1525,0.9938944102596547
1526,0.032317637969805704
1527,0.9942497397035391
1528,0.032317637969805704
1529,0.9909115288882099
1530,0.03958567384333709
1531,0.993160525784292
1532,0.03958567384333709
1533,0.9941423146906357
1534,0.03958567384333709
1535,0.994576854688678
1536,0.03958567384333709
1537,0.9822634463014779
1538,0.03958567384333709
1539,0.9927508406283121
1540,0.1911730687227012
1541,0.9951883550005409
1542,0.1911730687227012
1543,0.9982168142193064
1544,0.1911730687227012
1545,0.9980228377610395
1546,0.1911730687227012
1547,0.9974548450968549
1548,0.1911730687227012
1549,0.9976273136355372
1550,0.0903411619343696
1551,0.9963127216013212
1552,0.0903411619343696
1553,0.9870540855293074
1554,0.0903411619343696
1555,0.9942994982644416
1556,0.0903411619343696
1557,0.9925087791437357
1558,0.0903411619343696
1559,0.9917545056194601
1560,0.686621656034356
1561,0.9953208882181536
1562,0.686621656034356
1563,0.9952640758613944
1564,0.686621656034356
1565,0.996617615990159
1566,0.686621656034356
1567,0.9932566660027011
1568,0.686621656034356
1569,0.9936714382525695
1570,0.035574083912898506
1571,0.9940141158204612
1572,0.035574083912898506
1573,0.1381427887428615
1574,0.035574083912898506
1575,0.9927890334750112
1576,0.035574083912898506
1577,0.9919439331979439
1578,0.035574083912898506
1579,0.9928409510164538
1580,0.0751392234867502
1581,0.9919029975930694
1582,0.0751392234867502
1583,0.9896881181535262
1584,0.0751392234867502
1585,0.992382920566073
1586,0.0751392234867502
1587,0.9907689680642219
1588,0.0751392234867502
1589,0.9903340433098846
1590,0.042844598428626104
1591,0.9923375180636902
1592,0.042844598428626104
1593,0.9929435847685668
1594,0.042844598428626104
1595,0.723328905982042
1596,0.042844598428626104
1597,0.9921163033387091
1598,0.042844598428626104
1599,0.9906942318563925
1600,0.06707564072558295
1601,0.9775547645497192
1602,0.06707564072558295
1603,0.9936155848010482
1604,0.06707564072558295
1605,0.9983997637558875
1606,0.06707564072558295
1607,0.995073311999083
1608,0.06707564072558295
1609,0.9338932596647564
1610,0.03269344198980139
1611,0.997884165127745
1612,0.03269344198980139
1613,0.9955461581173516
1614,0.03269344198980139
1615,0.9958876621713785
1616,0.03269344198980139
1617,0.9953304939877543
1618,0.03269344198980139
1619,0.9936667579225544
1620,0.08174757746890145
1621,0.9970601910566215
1622,0.08174757746890145
1623,0.9921146821988465
1624,0.08174757746890145
1625,0.9910412630281409
1626,0.08174757746890145
1627,0.9918639133013335
1628,0.08174757746890145
1629,0.9932488661391076
1630,0.05213437697115588
1631,0.9980265936955925
1632,0.05213437697115588
1633,0.9956042048926068
1634,0.05213437697115588
1635,0.9962927091657042
1636,0.05213437697115588
1637,0.9972803275814522
1638,0.05213437697115588
1639,0.997992780435554
1640,0.06496332315702259
1641,0.9931502385129278
1642,0.06496332315702259
1643,0.9896361841800151
1644,0.06496332315702259
1645,0.9903414597683777
1646,0.06496332315702259
1647,0.7125049558225615
1648,0.06496332315702259
1649,0.9904668955898918
1650,0.05220252429320697
1651,0.991688697186049
1652,0.05220252429320697
1653,0.9938012683300714
1654,0.05220252429320697
1655,0.9931658299954436
1656,0.05220252429320697
1657,0.9957690659381967
1658,0.05220252429320697
1659,0.9928221997667815
1660,0.03898306726230188
1661,0.9933682374518114
1662,0.03898306726230188
1663,0.9916571100213749
1664,0.03898306726230188
1665,0.994709139658183
1666,0.03898306726230188
1667,0.9952538080240038
1668,0.03898306726230188
1669,0.9934154961699343
1670,0.06789573945386942
1671,0.992214208537569
1672,0.06789573945386942
1673,0.6436597646895829
1674,0.06789573945386942
1675,0.995170515577953
1676,0.06789573945386942
1677,0.9950732149766441
1678,0.06789573945386942
1679,0.993751819358469
1680,0.1633573795193908
1681,0.992539448424801
1682,0.1633573795193908
1683,0.9909678196635412
1684,0.1633573795193908
1685,0.9963031040053949
1686,0.1633573795193908
1687,0.9944446321611641
1688,0.1633573795193908
1689,0.995025108833871
1690,0.4345410432278948
1691,0.9954310464533285
1692,0.4345410432278948
1693,0.9977484751921831
1694,0.4345410432278948
1695,0.997011745402227
1696,0.4345410432278948
1697,0.997117424511557
1698,0.4345410432278948
1699,0.9962894109340039
1700,0.1473168424358201
1701,0.9930314317024593
1702,0.1473168424358201
1703,0.996788634393219
1704,0.1473168424358201
1705,0.9952479339770903
1706,0.1473168424358201
1707,0.9935409701942594
1708,0.1473168424358201
1709,0.9913210749591923
1710,0.09506379509518381
1711,0.9899308879524402
1712,0.09506379509518381
1713,0.9939551567601559
1714,0.09506379509518381
1715,0.9904425562240772
1716,0.09506379509518381
1717,0.9927794111810263
1718,0.09506379509518381
1719,0.7383161686287268
1720,0.29970451606283516
1721,0.9971412804358641
1722,0.29970451606283516
1723,0.9937672924320591
1724,0.29970451606283516
1725,0.9909395885283934
1726,0.29970451606283516
1727,0.9901579493863734
1728,0.29970451606283516
1729,0.9939446929873655
1730,0.12447783256179026
1731,0.9949313703321617
1732,0.12447783256179026
1733,0.9967965988761366
1734,0.12447783256179026
1735,0.9943024673076671
1736,0.12447783256179026
1737,0.9951401149159335
1738,0.12447783256179026
1739,0.9934291513921596
1740,0.06996490365053576
1741,0.9917880743759461
1742,0.06996490365053576
1743,0.9940118860048921
1744,0.06996490365053576
1745,0.9949633899940153
1746,0.06996490365053576
1747,0.9953813267707278
1748,0.06996490365053576
1749,0.9902396160383617
1750,0.04886465642950548
1751,0.9959256024957452
1752,0.04886465642950548
1753,0.9905089574088097
1754,0.04886465642950548
1755,0.9912932893944262
1756,0.04886465642950548
1757,0.9919439651831846
1758,0.04886465642950548
1759,0.991504174451462
1760,0.032926097563064985
1761,0.9942494670015464
1762,0.032926097563064985
1763,0.9938466748081022
1764,0.032926097563064985
1765,0.042537279248725426
1766,0.032926097563064985
1767,0.9888881116362885
1768,0.032926097563064985
1769,0.9939619300510494
1770,0.2765780616689211
1771,0.9974690627222312
1772,0.2765780616689211
1773,0.9980192870158759
1774,0.2765780616689211
1775,0.9996502572656696
1776,0.2765780616689211
1777,0.9992473996414498
1778,0.2765780616689211
1779,0.9968650816059346
1780,0.07361790043910274
1781,0.993638854324629
1782,0.07361790043910274
1783,0.9961717157553037
1784,0.07361790043910274
1785,0.9970413327047825
1786,0.07361790043910274
1787,0.9971679465379468
1788,0.07361790043910274
1789,0.9951405192570315
1790,0.04027451026460924
1791,0.9964768751850444
1792,0.04027451026460924
1793,0.9922396321309207
1794,0.04027451026460924
1795,0.9956629284648806
1796,0.04027451026460924
1797,0.9939342137545871
1798,0.04027451026460924
1799,0.9939778171072191
1800,0.03553064938738138
1801,0.9921127146502396
1802,0.03553064938738138
1803,0.9943146291247358
1804,0.03553064938738138
1805,0.9964589883504281
1806,0.03553064938738138
1807,0.9920604609769867
1808,0.03553064938738138
1809,0.996827284985736
1810,0.06776217158423588
1811,0.9974527193786047
1812,0.06776217158423588
1813,0.996204573489039
1814,0.06776217158423588
1815,0.9984962680989222
1816,0.06776217158423588
1817,0.9971617486481358
1818,0.06776217158423588
1819,0.9958450350066305
1820,0.08200475011227477
1821,0.996703800834131
1822,0.08200475011227477
1823,0.995827699697206
1824,0.08200475011227477
1825,0.9945836227930168
1826,0.08200475011227477
1827,0.9962076166990502
1828,0.08200475011227477
1829,0.9948711395044765
1830,0.061038714450965016
1831,0.9926015543526705
1832,0.061038714450965016
1833,0.9946039823614347
1834,0.061038714450965016
1835,0.9954626245234061
1836,0.061038714450965016
1837,0.9950139480842402
1838,0.061038714450965016
1839,0.9945748339560692
1840,0.039183845399566083
1841,0.9935634852021961
1842,0.039183845399566083
1843,0.994005843891587
1844,0.039183845399566083
1845,0.9946356328814134
1846,0.039183845399566083
1847,0.9942907772280501
1848,0.039183845399566083
1849,0.991181906915445
1850,0.09195908676144632
1851,0.9943244301041139
1852,0.09195908676144632
1853,0.9906468790824392
1854,0.09195908676144632
1855,0.9950202918709008
1856,0.09195908676144632
1857,0.9917295005979576
1858,0.09195908676144632
1859,0.9917879665493998
1860,0.026158158018772585
1861,0.9930982184873619
1862,0.026158158018772585
1863,0.9924295714659352
1864,0.026158158018772585
1865,0.9924150360905961
1866,0.026158158018772585
1867,0.9934935806533717
1868,0.026158158018772585
1869,0.9919387721517289
1870,0.13505426728006545
1871,0.9969225816015946
1872,0.13505426728006545
1873,0.9961823098580026
1874,0.13505426728006545
1875,0.9959461559529529
1876,0.13505426728006545
1877,0.9938802206396656
1878,0.13505426728006545
1879,0.9975590747217091
1880,0.0987344744362904
1881,0.9942200403287348
1882,0.0987344744362904
1883,0.9957039891711134
1884,0.0987344744362904
1885,0.997028406500221
1886,0.0987344744362904
1887,0.9953066291339524
1888,0.0987344744362904
1889,0.9954925557338132
1890,0.12658836741765062
1891,0.9961919688890781
1892,0.12658836741765062
1893,0.997148769248127
1894,0.12658836741765062
1895,0.9950695594435921
1896,0.12658836741765062
1897,0.9951443921371237
1898,0.12658836741765062
1899,0.9950814931919575
1900,0.2283059886773261
1901,0.9937476841837332
1902,0.2283059886773261
1903,0.9911208869393282
1904,0.2283059886773261
1905,0.9936454771393167
1906,0.2283059886773261
1907,0.9921426655727272
1908,0.2283059886773261
1909,0.9929986441290538
1910,0.04741633571754739
1911,0.9872777983078058
1912,0.04741633571754739
1913,0.9890452557308698
1914,0.04741633571754739
1915,0.9964156271936634
1916,0.04741633571754739
1917,0.9945393582568971
1918,0.04741633571754739
1919,0.9949834237592019
1920,0.05779182776498352
1921,0.9918089214052538
1922,0.05779182776498352
1923,0.9886298556502007
1924,0.05779182776498352
1925,0.992595728022014
1926,0.05779182776498352
1927,0.9933435097263827
1928,0.05779182776498352
1929,0.9917991370540788
1930,0.027621633697259264
1931,0.9945956979226377
1932,0.027621633697259264
1933,0.9965725015066742
1934,0.027621633697259264
1935,0.9935821987788845
1936,0.027621633697259264
1937,0.9958297853565242
1938,0.027621633697259264
1939,0.9939004788149903
1940,0.06043728288413612
1941,0.991902581463816
1942,0.06043728288413612
1943,0.9927752384400056
1944,0.06043728288413612
1945,0.9954724437853738
1946,0.06043728288413612
1947,0.9929806362331837
1948,0.06043728288413612
1949,0.992612698511222
1950,0.04420385266261716
1951,0.2135548086582562
1952,0.04420385266261716
1953,0.992818251350628
1954,0.04420385266261716
1955,0.9958931362473665
1956,0.04420385266261716
1957,0.22250964950925795
1958,0.04420385266261716
1959,0.99189793741572
1960,0.05699055089817666
1961,0.9977751690337383
1962,0.05699055089817666
1963,0.9931399732792711
1964,0.05699055089817666
1965,0.9983289605014884
1966,0.05699055089817666
1967,0.9969317028424977
1968,0.05699055089817666
1969,0.9955787513436577
1970,0.05452358812263121
1971,0.990141085106785
1972,0.05452358812263121
1973,0.9921603566810907
1974,0.05452358812263121
1975,0.9912368634078934
1976,0.05452358812263121
1977,0.9915501148736023
1978,0.05452358812263121
1979,0.991505248624187
1980,0.10509781656731683
1981,0.9930269624547664
1982,0.10509781656731683
1983,0.9950510452493008
1984,0.10509781656731683
1985,0.9923255820851166
1986,0.10509781656731683
1987,0.9954495176574031
1988,0.10509781656731683
1989,0.9942523148000999
1990,0.18221440522166069
1991,0.9938830081893585
1992,0.18221440522166069
1993,0.9936904667374478
1994,0.18221440522166069
1995,0.991948868984573
1996,0.18221440522166069
1997,0.9966008789072258
1998,0.18221440522166069
1999,0.9928126785317951
2000,0.12364843878959697
2001,0.9938094149294898
2002,0.12364843878959697
2003,0.9923755043247112
2004,0.12364843878959697
2005,0.9943981498766852
2006,0.12364843878959697
2007,0.9928933126072501
2008,0.12364843878959697
2009,0.995849419655998
2010,0.03577939956868512
2011,0.9931813958777422
2012,0.03577939956868512
2013,0.9933354524256853
2014,0.03577939956868512
2015,0.997006120282873
2016,0.03577939956868512
2017,0.993752338480209
2018,0.03577939956868512
2019,0.9949120853892184
2020,0.060680317847596546
2021,0.9940699303931544
2022,0.060680317847596546
2023,0.9932543161076864
2024,0.060680317847596546
2025,0.9944984730424719
2026,0.060680317847596546
2027,0.9940134284371491
2028,0.060680317847596546
2029,0.9935449074932566
2030,0.016966956725031384
2031,0.9965266447422726
2032,0.016966956725031384
2033,0.9973170396556169
2034,0.016966956725031384
2035,0.9970681484428918
2036,0.016966956725031384
2037,0.9959268637373836
2038,0.016966956725031384
2039,0.9968770045006191
